,linkTitle,linkAddress
0,https://pan.baidu.com/s/1cQFfa_cRXibhyqFxGtVMiQ,https://pan.baidu.com/s/1cQFfa_cRXibhyqFxGtVMiQ
1,https://pan.baidu.com/s/1IEpwabKnTIKwlqeebmr5GA,https://pan.baidu.com/s/1IEpwabKnTIKwlqeebmr5GA
2,https://www.lofter.com/collection/yeyi466155/?op=collectionDetail&collectionId=8390509,https://www.lofter.com/collection/yeyi466155/?op=collectionDetail&collectionId=8390509
3,https://pan.baidu.com/s/1FzaPF32QHuR9YmAxfLtCLQ,https://pan.baidu.com/s/1FzaPF32QHuR9YmAxfLtCLQ
4,https://pan.baidu.com/s/1LEBOZZIV7RsVUzPg43_yrg,https://pan.baidu.com/s/1LEBOZZIV7RsVUzPg43_yrg
5,https://pan.baidu.com/s/1vjH58tKSFPhHJG6-N7pI6g,https://pan.baidu.com/s/1vjH58tKSFPhHJG6-N7pI6g
6,https://yeyi466155.lofter.com/post/4cd7c8d7_1ccf72d40,https://yeyi466155.lofter.com/post/4cd7c8d7_1ccf72d40
7,https://pan.baidu.com/s/1aTUwRHrTNO-wJ1FOM-8Y3Q,https://pan.baidu.com/s/1aTUwRHrTNO-wJ1FOM-8Y3Q
8,https://pan.baidu.com/s/1ofz79lru_OdUvchk3edMwA,https://pan.baidu.com/s/1ofz79lru_OdUvchk3edMwA
9,https://yeyi466155.lofter.com/post/4cd7c8d7_1ccf72d40,https://yeyi466155.lofter.com/post/4cd7c8d7_1ccf72d40
10,https://pan.baidu.com/s/1aTUwRHrTNO-wJ1FOM-8Y3Q,https://pan.baidu.com/s/1aTUwRHrTNO-wJ1FOM-8Y3Q
11,https://www.lofter.com/lpost/4cd7c8d7_1cd0610a0,https://www.lofter.com/lpost/4cd7c8d7_1cd0610a0
12,https://pan.baidu.com/s/1ofz79lru_OdUvchk3edMwA,https://pan.baidu.com/s/1ofz79lru_OdUvchk3edMwA
13,https://pan.baidu.com/s/1ofz79lru_OdUvchk3edMwA,https://pan.baidu.com/s/1ofz79lru_OdUvchk3edMwA
14,https://pan.baidu.com/s/1ofz79lru_OdUvchk3edMwA,https://pan.baidu.com/s/1ofz79lru_OdUvchk3edMwA
